Job_Name,Action,Priority,Reason,Keep_Instead,Category,Estimated_Effort,Risk
AA_Team,DELETE,HIGH,Empty folder duplicates,Trash,Exact Duplicate,Low (5 min),Low
AKS Cluster - Provision - CCV4,DELETE,HIGH,Empty folder duplicates,Trash,Exact Duplicate,Low (5 min),Low
Azure-Container-Registry,DELETE,HIGH,Empty folder duplicates,Trash,Exact Duplicate,Low (5 min),Low
cloud-catalog-test,DELETE,HIGH,Empty folder duplicates,Trash,Exact Duplicate,Low (5 min),Low
eventhub,DELETE,HIGH,Empty folder duplicates,Trash,Exact Duplicate,Low (5 min),Low
Key Management Tools,DELETE,HIGH,Empty folder duplicates,Trash,Exact Duplicate,Low (5 min),Low
Key-Vault,DELETE,HIGH,Empty folder duplicates,Trash,Exact Duplicate,Low (5 min),Low
purview,DELETE,HIGH,Empty folder duplicates,Trash,Exact Duplicate,Low (5 min),Low
SAS Application Stop -PROD,DELETE,HIGH,Empty folder duplicates,Trash,Exact Duplicate,Low (5 min),Low
Storage-Account,DELETE,HIGH,Empty folder duplicates,Trash,Exact Duplicate,Low (5 min),Low
Synapse,DELETE,HIGH,Empty folder duplicates,Trash,Exact Duplicate,Low (5 min),Low
Synapse Workspace - Provision - CCV4,DELETE,HIGH,Empty folder duplicates,Trash,Exact Duplicate,Low (5 min),Low
AML-Compute-Instance-Rebuild-temp1,DELETE,HIGH,Temp copies of original job,AML-Compute-Instance-Rebuild,Exact Duplicate,Low (5 min),Low
AML-Compute-Instance-Rebuild-temp2,DELETE,HIGH,Temp copies of original job,AML-Compute-Instance-Rebuild,Exact Duplicate,Low (5 min),Low
"WFM ADF Publish for Dev, SIT and UAT Copy",DELETE,HIGH,Copy and duplicate of active job,"WFM ADF Publish for Dev, SIT and UAT",Exact Duplicate,Low (5 min),Low
"WFM ADF Publish for Dev, SIT, UAT",DELETE,HIGH,Copy and duplicate of active job,"WFM ADF Publish for Dev, SIT and UAT",Exact Duplicate,Low (5 min),Low
"WFM ADF Trigger Action for DEV, SIT, UAT",DELETE,MEDIUM,Duplicate - keep the active one,"WFM ADF Trigger Action for DEV, SIT and UAT",Exact Duplicate,Low (5 min),Low
Provision Databricks Compute Cluster - NonProd - TO BE DELETED,DELETE,HIGH,Marked for deletion by name,N/A,Disabled/Obsolete,Low (5 min),Very Low
Provision Databricks Compute Cluster - PROD - TO BE DELETED,DELETE,HIGH,Marked for deletion by name,N/A,Disabled/Obsolete,Low (5 min),Very Low
Provision Databricks Workspace-old-toBeDeleteed,DELETE,HIGH,Marked for deletion by name,N/A,Disabled/Obsolete,Low (5 min),Very Low
Enable MQSQL SQL Audit - OLD,DELETE,HIGH,Obsolete/old version,N/A,Disabled/Obsolete,Low (5 min),Very Low
Enable Synapse SQL Audit--obsolete,DELETE,HIGH,Marked obsolete,N/A,Disabled/Obsolete,Low (5 min),Very Low
OLD - AML-Compute-Instance-Provision - OLD,DELETE,HIGH,Old version,N/A,Disabled/Obsolete,Low (5 min),Very Low
Non-prod - Key Vault Secret Creation,INVESTIGATE,MEDIUM,"Check if can consolidate with ""Key Vault Secret Creation"" using subscription param",Consolidate into one parameterized job,Potential Consolidation,Medium (30 min),Medium
Non-prod - Key Vault Secret Role Assignment,INVESTIGATE,MEDIUM,"Check if can consolidate with ""Key Vault Secret Role Assignment"" using subscription param",Consolidate into one parameterized job,Potential Consolidation,Medium (30 min),Medium
non-prod storage container creation,INVESTIGATE,MEDIUM,"Check if can consolidate with ""Storage Account Container Creation"" using subscription param",Consolidate into one parameterized job,Potential Consolidation,Medium (30 min),Medium
non-prod storage container role assignment and revoke,INVESTIGATE,MEDIUM,"Check if can consolidate with ""Storage Account Container Role Assignment and Revoke"" using subscription param",Consolidate into one parameterized job,Potential Consolidation,Medium (30 min),Medium
WebApp - Code Deployment - PRE-PROD - AIW,CONSOLIDATE,HIGH,"All use identical script, differ only in app name and environment | 9 jobs → 1 job",WebApp - Code Deployment - Parameterized,Script Consolidation,High (2 hours),Medium (requires testing)
WebApp - Code Deployment - PRE-PROD - HR Bot,CONSOLIDATE,HIGH,"All use identical script, differ only in app name and environment | 9 jobs → 1 job",WebApp - Code Deployment - Parameterized,Script Consolidation,High (2 hours),Medium (requires testing)
WebApp - Code Deployment - PRE-PROD - INFORCEHUB,CONSOLIDATE,HIGH,"All use identical script, differ only in app name and environment | 9 jobs → 1 job",WebApp - Code Deployment - Parameterized,Script Consolidation,High (2 hours),Medium (requires testing)
WebApp - Code Deployment - PRE-PROD - TPRM,CONSOLIDATE,HIGH,"All use identical script, differ only in app name and environment | 9 jobs → 1 job",WebApp - Code Deployment - Parameterized,Script Consolidation,High (2 hours),Medium (requires testing)
WebApp - Code Deployment - PRE-PROD - VIRA Project,CONSOLIDATE,HIGH,"All use identical script, differ only in app name and environment | 9 jobs → 1 job",WebApp - Code Deployment - Parameterized,Script Consolidation,High (2 hours),Medium (requires testing)
WebApp - Code Deployment - PROD - AIW,CONSOLIDATE,HIGH,"All use identical script, differ only in app name and environment | 9 jobs → 1 job",WebApp - Code Deployment - Parameterized,Script Consolidation,High (2 hours),Medium (requires testing)
WebApp - Code Deployment - PROD - INFORCEHUB,CONSOLIDATE,HIGH,"All use identical script, differ only in app name and environment | 9 jobs → 1 job",WebApp - Code Deployment - Parameterized,Script Consolidation,High (2 hours),Medium (requires testing)
WebApp - Code Deployment - PROD - TPRM,CONSOLIDATE,HIGH,"All use identical script, differ only in app name and environment | 9 jobs → 1 job",WebApp - Code Deployment - Parameterized,Script Consolidation,High (2 hours),Medium (requires testing)
WebApp - Code Deployment - PROD - VIRA Project,CONSOLIDATE,HIGH,"All use identical script, differ only in app name and environment | 9 jobs → 1 job",WebApp - Code Deployment - Parameterized,Script Consolidation,High (2 hours),Medium (requires testing)
Web App - translator dev,CONSOLIDATE,MEDIUM,"Same script, different environments | 4 jobs → 1 job",Web App - Translator - Parameterized,Script Consolidation,Medium (1 hour),Medium (requires testing)
Web App - translator PROD,CONSOLIDATE,MEDIUM,"Same script, different environments | 4 jobs → 1 job",Web App - Translator - Parameterized,Script Consolidation,Medium (1 hour),Medium (requires testing)
Web App - translator QA,CONSOLIDATE,MEDIUM,"Same script, different environments | 4 jobs → 1 job",Web App - Translator - Parameterized,Script Consolidation,Medium (1 hour),Medium (requires testing)
Web App - translator UAT,CONSOLIDATE,MEDIUM,"Same script, different environments | 4 jobs → 1 job",Web App - Translator - Parameterized,Script Consolidation,Medium (1 hour),Medium (requires testing)
